title,url,description,author,scraped_at,source
There’s New Evidence for How Loneliness Affects Memory in Old Age,https://www.wired.com/story/theres-new-evidence-for-how-loneliness-affects-memory-in-old-age/,A longitudinal study found that loneliness is more closely linked to lapses in immediate and delayed recall than to the overall speed of cognitive decline.,By Unknown,2026-04-21T06:26:34.925801,Wired.com
The ‘Lonely Runner’ Problem Only Appears Simple,https://www.wired.com/story/the-lonely-runner-problem-only-appears-simple/,-,By Unknown,2026-04-21T06:26:35.004805,Wired.com
How Can Astronauts Tell How Fast They’re Going?,https://www.wired.com/story/how-can-astronauts-tell-how-fast-theyre-going/,-,By Unknown,2026-04-21T06:26:35.079769,Wired.com
Flight Path Data Shows How Mosquitoes Target Humans,https://www.wired.com/story/flight-path-data-shows-how-mosquitoes-target-humans/,"Scientists have quantified what draws mosquitoes to people—which could help make better, life-saving bug traps.",By Unknown,2026-04-21T06:26:35.180158,Wired.com
Scientists Have Made a French Fry Breakthrough,https://www.wired.com/story/scientists-have-made-french-fry-breakthrough/,Researchers have developed a method of making french fries that results in a healthier bite without sacrificing crispiness.,By Unknown,2026-04-21T06:26:35.271800,Wired.com
What Happens When a Nuclear Site Is Hit?,https://www.wired.com/story/heres-what-can-happen-when-the-us-bombs-irans-nuclear-sites/,"As strikes continue on Iran’s nuclear facilities, the real danger isn’t the explosion, but what happens if critical safety systems fail—and how that risk could spread across the Gulf.",By Unknown,2026-04-21T06:26:35.341359,Wired.com
FDA Approves Eli Lilly’s GLP-1 Pill,https://www.wired.com/story/fda-approves-eli-lillys-glp-1-pill/,Eli Lilly’s once-daily Foundayo is the second obesity pill to receive FDA approval. It will compete with Novo Nordisk’s pill version of Wegovy.,By Unknown,2026-04-21T06:26:35.445917,Wired.com
"6,000 Meters Under the Pacific, Japan Seeks Independence From China on Rare Earths",https://www.wired.com/story/under-the-pacific-japan-seeks-independence-from-china-on-rare-earths/,"Tokyo is succeeding where the rest of the world has failed, reducing its reliance on Beijing for crucial rare earth elements—thanks to an enormous underwater deposit discovered on a remote island.",By Unknown,2026-04-21T06:26:35.526831,Wired.com
Marine Animals in the Strait of Hormuz Don’t Get a Ceasefire,https://www.wired.com/story/marine-animals-in-the-strait-of-hormuz-dont-get-a-ceasefire/,"As ships return to the Strait of Hormuz, mines, sonar, and congestion continue to reshape the Gulf beneath the surface.",By Unknown,2026-04-21T06:26:35.606893,Wired.com
Trump’s War on Iran Could Screw Over US Farmers,https://www.wired.com/story/trumps-war-on-iran-could-screw-over-us-farmers/,The Middle East supplies a huge amount of the world’s fertilizer. Conflict in the region has sent prices soaring ahead of the critical spring planting season.,By Unknown,2026-04-21T06:26:35.698428,Wired.com
The Last Mystery of Antarctica’s ‘Blood Falls’ Has Finally Been Solved,https://www.wired.com/story/the-last-mystery-of-antarcticas-blood-falls-has-finally-been-solved/,New research sheds light on what drives reddish water to emerge from underground to pour onto the Taylor Glacier.,By Unknown,2026-04-21T06:26:35.828321,Wired.com
The US Government Will Ask Data Centers How Much Power They Use,https://www.wired.com/story/the-us-government-to-ask-data-centers-how-much-power-they-use/,"In a letter obtained by WIRED, the Energy Information Administration tells two senators that it plans to develop a mandatory assessment of data centers' energy use.",By Unknown,2026-04-21T06:26:35.983607,Wired.com
There’s a Secret Ingredient to Making Luxury Ice at Home,https://www.wired.com/story/secret-ingredient-to-making-luxury-ice-at-home/,"Nice ice is big business, but you can get perfectly clear cubes at home without freezing your assets.",By Unknown,2026-04-21T06:26:36.052802,Wired.com
A Single Strike Won’t Shut Off the Gulf’s Desalination System,https://www.wired.com/story/a-single-strike-wont-shut-off-the-gulfs-desalination-system/,"The Gulf’s water system is built with layers of backup, but it relies on continuous operation to hold.",By Unknown,2026-04-21T06:26:36.132245,Wired.com
A New Google-Funded Data Center Will Be Powered by a Massive Gas Plant,https://www.wired.com/story/a-new-google-funded-data-center-will-be-powered-by-a-massive-gas-plant/,Documents show that one of Google’s new data centers would be powered by a natural gas plant that emits millions of tons of emissions each year—an increasingly common trend in the industry.,By Unknown,2026-04-21T06:26:36.195857,Wired.com
"One Way or Another, Most of Our Electricity Comes From Solar Power",https://www.wired.com/story/most-of-our-electricity-comes-from-solar-power/,"That’s good news, since the forecast is sunshine for the next 5 billion years.",By Unknown,2026-04-21T06:26:36.271416,Wired.com
Senators Demand to Know How Much Energy Data Centers Use,https://www.wired.com/story/senators-demand-to-know-how-much-energy-data-centers-use/,"In a letter sent Thursday morning, Elizabeth Warren and Josh Hawley press the Energy Information Agency to mandate annual electricity disclosure for data centers.",By Unknown,2026-04-21T06:26:36.422177,Wired.com
The AI Race Is Pressuring Utilities to Squeeze More From Europe’s Power Grids,https://www.wired.com/story/europe-squeeze-power-energy-grid-ai-data-center/,"As data center developers queue up to connect to power grids across Europe, network operators are experimenting with novel ways of clearing room for them.",By Unknown,2026-04-21T06:26:36.507372,Wired.com
Iran War Puts Global Energy Markets on the Brink of a Worst-Case Scenario,https://www.wired.com/story/iran-war-puts-global-energy-markets-on-the-brink-of-a-worst-case-scenario/,"“This will be so, so, so, so, so bad,” one analyst says.",By Unknown,2026-04-21T06:26:36.579433,Wired.com
NASA Wants to Put Nuclear Reactors on the Moon,https://www.wired.com/story/nasa-wants-to-put-nuclear-reactors-on-the-moon/,The White House has announced that NASA will work with the Departments of Defense and Energy to put nuclear reactors in orbit and on the surface of the moon.,By Unknown,2026-04-21T06:26:36.644863,Wired.com
"The Caves That Could Help Us Find, or Become, Aliens",https://www.wired.com/story/the-caves-that-could-help-us-find-or-become-aliens/,"From lava tubes on Mars to ice pockets on Europa, subterranean environments may offer the best chance of finding life—and living safely—beyond our planet.",By Unknown,2026-04-21T06:26:36.727416,Wired.com
Artemis II Returns Safely to Earth After Historic Flight Around the Moon,https://www.wired.com/story/artemis-ii-returns-from-historic-flight-around-the-moon/,"After traveling a greater distance from Earth than any humans before them, the astronauts of Artemis II have safely returned home.",By Unknown,2026-04-21T06:26:36.781256,Wired.com
The Future of the Artemis Program Is Riding on Reentry,https://www.wired.com/story/the-future-of-the-artemis-program-is-riding-on-reentry/,"Entire space programs have been canceled after a failure in the reentry phase. In the final test for Artemis II, astronauts will travel at 32 times the speed of sound as they return from the moon.",By Unknown,2026-04-21T06:26:36.843684,Wired.com
A Quantum Leap for the Turing Award,https://www.wired.com/story/a-quantum-leap-for-the-turing-award/,Charles Bennett and Gilles Brassard pioneered quantum information theory. Now they’ve been awarded the highest honor in computer science.,By Unknown,2026-04-21T06:26:36.908913,Wired.com
You Can Approximate Pi by Dropping Needles on the Floor,https://www.wired.com/story/you-can-approximate-pi-by-dropping-needles-on-the-floor/,Who needs a supercomputer when you can calculate pi with a box of sewing needles?,By Unknown,2026-04-21T06:26:37.032015,Wired.com
How Can a Locomotive Pull a Long Train That’s Much Heavier?,https://www.wired.com/story/how-can-a-locomotive-pull-a-train-thats-much-heavier/,"For railroads, it’s all about managing static and kinetic friction.",By Unknown,2026-04-21T06:26:37.136406,Wired.com
Could AI Data Centers Be Moved to Outer Space?,https://www.wired.com/story/could-we-put-ai-data-centers-in-space/,Massive data centers for generative AI are bad for the Earth. How about launching them into orbit?,By Unknown,2026-04-21T06:26:37.201406,Wired.com
This Beanie Is Designed to Read Your Thoughts,https://www.wired.com/story/this-beanie-is-designed-to-read-your-thoughts/,California-based startup Sabi is developing a thought-to-text wearable that could usher in the cyborg future.,By Unknown,2026-04-21T06:26:37.254524,Wired.com
A New Implant Aims to Rewire the Brain to Help Stroke Patients,https://www.wired.com/story/a-new-implant-aims-to-rewire-the-brain-to-help-stroke-patients/,Epia Neuro’s brain-computer interface will include a motorized glove to help stroke patients recover movement in their hand.,By Unknown,2026-04-21T06:26:37.318551,Wired.com
Meet the Man Making Music With His Brain Implant,https://www.wired.com/story/meet-the-man-making-music-with-his-brain-implant/,Galen Buckwalter says brain-computer interfaces will have to be enjoyable to use if the technology is going to be successful.,By Unknown,2026-04-21T06:26:37.408269,Wired.com
A Billionaire-Backed Startup Wants to Grow 'Organ Sacks' to Replace Animal Testing,https://www.wired.com/story/a-billionaire-backed-startup-wants-to-grow-organ-sacks-to-replace-animal-testing/,"R3 Bio has a bold idea for replacing lab animals: genetically-engineered whole organ systems that lack a brain. The long-term goal, says a cofounder, is to make human versions.",By Unknown,2026-04-21T06:26:37.473563,Wired.com
Study of Buddhist Monks Finds Meditation Alters Brain Activity,https://www.wired.com/story/study-of-buddhist-monks-finds-meditation-alters-brain-activity/,"Meditation isn’t thinking about nothing. New research reinforces that it’s a mind-altering, dynamic state that promotes focus, learning, and well-being.",By Unknown,2026-04-21T06:26:37.543768,Wired.com
A Brain Mechanism Explains Why People Leave Certain Tasks for Later,https://www.wired.com/story/neuroscience-procrastination-brain-mechanism-task-avoidance/,New research has discovered that a neural circuit may explain procrastination. Scientists were able to disrupt this connection using a drug.,By Unknown,2026-04-21T06:26:37.629671,Wired.com
Brain Gear Is the Hot New Wearable,https://www.wired.com/story/expired-tired-wired-wearables/,"Smartwatches are cool and all, but have you considered wearable neurotech?",By Unknown,2026-04-21T06:26:37.712043,Wired.com
AI’s Next Frontier? An Algorithm for Consciousness,https://www.wired.com/story/ai-sentient-consciousness-algorithm/,Some of the world’s most interesting thinkers about thinking think they might’ve cracked machine sentience. And I think they might be onto something.,By Unknown,2026-04-21T06:26:37.773258,Wired.com
Dark Matter May Be Made of Black Holes From Another Universe,https://www.wired.com/story/dark-matter-may-be-made-of-black-holes-from-another-universe/,-,By Unknown,2026-04-21T06:26:37.831472,Wired.com
You Should Be More Freaked Out by Shingles,https://www.wired.com/story/shingles-is-a-bigger-deal-than-you-think/,-,By Unknown,2026-04-21T06:26:37.925306,Wired.com
No One Knows Where US Vaccine Policy Goes Next,https://www.wired.com/story/no-one-knows-where-us-vaccine-policy-goes-next/,-,By Unknown,2026-04-21T06:26:38.018585,Wired.com
How and When to Watch the Artemis II Mission’s Return to Earth,https://www.wired.com/story/how-and-when-to-watch-the-artemis-ii-missions-return-to-earth/,-,By Unknown,2026-04-21T06:26:38.121914,Wired.com
Artemis II Astronauts Witnessed 6 Meteorites Colliding With the Moon,https://www.wired.com/story/artemis-ii-astronauts-witnessed-6-meteorites-collide-with-the-moon/,-,By Unknown,2026-04-21T06:26:38.191894,Wired.com
Artemis II’s Breathtaking View of the Far Side of the Moon,https://www.wired.com/story/artemis-iis-breathtaking-view-of-the-far-side-of-the-moon/,-,By Unknown,2026-04-21T06:26:38.245356,Wired.com
Artemis II: Everything We Know as Its Crew Approaches the Far Side of the Moon,https://www.wired.com/story/artemis-ii-everything-we-know-as-orion-approaches-the-far-side-of-the-moon/,-,By Unknown,2026-04-21T06:26:38.307865,Wired.com
5 Mysteries That the Artemis Missions to the Moon Could Finally Solve,https://www.wired.com/story/5-mysteries-that-the-artemis-missions-to-the-moon-could-finally-solve/,-,By Unknown,2026-04-21T06:26:38.379978,Wired.com
The Trajectory of the Artemis II Moon Mission Is a Feat of Engineering,https://www.wired.com/story/the-trajectory-of-the-artemis-ii-moon-mission-is-a-feat-of-engineering/,-,By Unknown,2026-04-21T06:26:38.448805,Wired.com
Artemis II Mission Launches Successfully,https://www.wired.com/story/artemis-ii-moon-mission-launches-successfully/,-,By Unknown,2026-04-21T06:26:38.517168,Wired.com
These Are the 4 Artemis II Astronauts Leading the Historic Return to the Moon,https://www.wired.com/story/these-are-the-4-artemis-ii-astronauts-leading-the-historic-return-to-the-moon/,-,By Unknown,2026-04-21T06:26:38.608554,Wired.com
The US Military’s GPS Software Is an $8 Billion Mess,https://www.wired.com/story/the-us-militarys-gps-software-is-an-8-billion-mess/,-,By Unknown,2026-04-21T06:26:38.693411,Wired.com
The Ghosts of Al-Shifa Hospital,https://www.wired.com/story/gaza-war-al-shifa-hospital-ghosts/,-,By Unknown,2026-04-21T06:26:38.752576,Wired.com
The Trip to the Far Side of the Moon,https://www.wired.com/story/the-trip-to-the-far-side-of-the-moon-nasa-artemis/,-,By Unknown,2026-04-21T06:26:38.837225,Wired.com
China Approves the First Brain Chips for Sale—and Has a Plan to Dominate the Industry,https://www.wired.com/story/china-approves-first-brain-chips-for-sale-plan-to-dominate-industry/,-,By Unknown,2026-04-21T06:26:38.927978,Wired.com
Get Ready for a Year of Chaotic Weather in the US,https://www.wired.com/story/get-ready-for-a-year-of-chaotic-weather-in-the-us/,-,By Unknown,2026-04-21T06:26:39.021141,Wired.com
A New Study Details How Cats Almost Always Land on Their Feet,https://www.wired.com/story/a-new-study-details-how-cats-almost-always-land-on-their-feet/,-,By Unknown,2026-04-21T06:26:39.125294,Wired.com
Japan Approves the World’s First Treatment Made With Reprogrammed Human Cells,https://www.wired.com/story/japan-approves-the-worlds-first-treatment-made-with-reprogrammed-human-cells/,-,By Unknown,2026-04-21T06:26:39.239015,Wired.com
The Shingles Virus May Be Aging You More Quickly,https://www.wired.com/story/shingles-virus-aging/,-,By Unknown,2026-04-21T06:26:39.377443,Wired.com
The South Carolina Measles Outbreak Is Slowing Down,https://www.wired.com/story/the-south-carolina-measles-outbreak-is-slowing-down/,-,By Unknown,2026-04-21T06:26:39.485075,Wired.com
Technology Is Reshaping Sleep Apnea Treatment,https://www.wired.com/story/sleep-apnea-treatment-tech/,-,By Unknown,2026-04-21T06:27:32.892541,Wired.com
Interstellar Comet 3I/Atlas Has Another Surprise: It’s Full of Alcohol,https://www.wired.com/story/interstellar-comet-3i-atlas-has-another-surprise-its-full-of-alcohol/,-,By Unknown,2026-04-21T06:27:32.963118,Wired.com
Don’t Expect Big Surprises in the Government’s Alien Files,https://www.wired.com/story/dont-expect-big-surprises-in-the-governments-alien-files/,-,By Unknown,2026-04-21T06:27:33.139297,Wired.com
Why RFK’s CDC Is Endorsing ‘Shared Decisionmaking’ for Vaccines,https://www.wired.com/story/why-rfks-cdc-is-endorsing-shared-decision-making-for-vaccines/,-,By Unknown,2026-04-21T06:27:33.261865,Wired.com
"Left-Handed People Are More Competitive, Says Science",https://www.wired.com/story/left-handed-people-are-more-competitive-says-science/,-,By Unknown,2026-04-21T06:27:33.352287,Wired.com
Sleep Apnea Often Goes Undetected in Women. That’s Starting to Change,https://www.wired.com/story/sleep-apnea-women-detection-treatment/,-,By Unknown,2026-04-21T06:27:33.438593,Wired.com
Big Tech Signs White House Data Center Pledge With Good Optics and Little Substance,https://www.wired.com/story/big-tech-signs-white-house-data-center-pledge-with-good-optics-not-much-substance/,-,By Unknown,2026-04-21T06:27:33.508833,Wired.com
What It’s Like to Have a Brain Implant for 5 Years,https://www.wired.com/story/synchron-brain-computer-interface-five-years-als/,-,By Unknown,2026-04-21T06:27:33.629708,Wired.com
War in Iran Spiked Oil Prices. Trump Will Decide How High They Go,https://www.wired.com/story/war-in-iran-sent-oil-prices-up-trump-will-decide-how-high-they-go/,-,By Unknown,2026-04-21T06:27:33.690609,Wired.com
NASA Is Making Big Changes to Speed Up the Artemis Program,https://www.wired.com/story/nasa-is-making-big-changes-to-speed-up-the-artemis-program/,-,By Unknown,2026-04-21T06:27:33.804343,Wired.com
This Is the Worst Thing That Could Happen to the International Space Station,https://www.wired.com/story/this-is-the-worst-thing-that-could-happen-to-the-international-space-station/,-,By Unknown,2026-04-21T06:27:33.875222,Wired.com
The US Had a Big Battery Boom Last Year,https://www.wired.com/story/the-us-had-a-big-battery-boom-last-year/,-,By Unknown,2026-04-21T06:27:33.994704,Wired.com
NASA Delays Launch of Artemis II Lunar Mission Once Again,https://www.wired.com/story/nasa-delays-artemis-ii-launch-again/,-,By Unknown,2026-04-21T06:27:55.049616,Wired.com
How to View the ‘Blood Moon’ Total Lunar Eclipse on March 3,https://www.wired.com/story/how-to-view-the-blood-moon-total-lunar-eclipse-on-march-3/,-,By Unknown,2026-04-21T06:27:55.190988,Wired.com
A Galaxy Composed Almost Entirely of Dark Matter Has Been Confirmed,https://www.wired.com/story/a-galaxy-composed-almost-entirely-of-dark-matter-has-been-confirmed/,-,By Unknown,2026-04-21T06:27:55.321950,Wired.com
The CDC Has a Leadership Crisis,https://www.wired.com/story/the-cdc-has-a-leadership-crisis/,-,By Unknown,2026-04-21T06:27:55.455144,Wired.com
Big Tech Says Generative AI Will Save the Planet. It Doesn’t Offer Much Proof,https://www.wired.com/story/big-tech-says-generative-ai-will-save-the-planet-it-doesnt-offer-much-proof/,-,By Unknown,2026-04-21T06:27:55.712554,Wired.com
AI Digital Twins Are Helping People Manage Diabetes and Obesity,https://www.wired.com/story/ai-digital-twins-are-helping-people-manage-diabetes-and-obesity/,-,By Unknown,2026-04-21T06:27:55.844434,Wired.com
The Nothing That Has the Potential to Be Anything,https://www.wired.com/story/the-nothing-that-has-the-potential-to-be-anything/,-,By Unknown,2026-04-21T06:27:55.944016,Wired.com
"Record Low Snow in the West Will Mean Less Water, More Fire, and Political Chaos",https://www.wired.com/story/record-low-snow-in-the-west-will-mean-less-water-more-fire-and-political-chaos/,-,By Unknown,2026-04-21T06:27:56.083442,Wired.com
The Fight Over US Climate Rules Is Just Beginning,https://www.wired.com/story/the-fight-over-us-climate-rules-is-just-beginning/,-,By Unknown,2026-04-21T06:27:56.205147,Wired.com
Astronomers Are Closing In on the Kuiper Belt’s Secrets,https://www.wired.com/story/astronomers-are-closing-in-on-the-kuiper-belts-secrets/,-,By Unknown,2026-04-21T06:27:56.488302,Wired.com
"The Physics Behind the Quadruple Axel, the Most Difficult Jump in Figure Skating",https://www.wired.com/story/2026-winter-olympics-figure-skating-quadruple-axel-science/,-,By Unknown,2026-04-21T06:27:56.571929,Wired.com
RFK Jr. Says Americans Need More Protein. His Grok-Powered Food Website Disagrees,https://www.wired.com/story/rfk-jr-says-americans-need-more-protein-his-grok-powered-food-website-disagrees/,-,By Unknown,2026-04-21T06:27:56.686468,Wired.com
This Startup Thinks It Can Make Rocket Fuel From Water. Stop Laughing,https://www.wired.com/story/general-galactic-water-rocket-fuel-test/,-,By Unknown,2026-04-21T06:27:56.811433,Wired.com
RFK Jr.’s Picks for a Key Autism Panel Include Advocates for Bizarre Theories,https://www.wired.com/story/rfk-jr-s-picks-for-a-key-autism-panel-include-advocates-for-bizarre-theories/,-,By Unknown,2026-04-21T06:27:57.418536,Wired.com
New York Is the Latest State to Consider a Data Center Pause,https://www.wired.com/story/new-york-is-the-latest-state-to-consider-a-data-center-pause/,-,By Unknown,2026-04-21T06:27:57.554106,Wired.com
Why the Artemis II Crew Stays in Quarantine Before Their Journey to Moon,https://www.wired.com/story/why-the-artemis-ii-crew-stays-in-quarantine-before-their-journey-to-moon/,-,By Unknown,2026-04-21T06:27:57.670518,Wired.com
Public Health Workers Are Quitting Over Assignments to Guantánamo,https://www.wired.com/story/public-health-workers-are-quitting-over-assignments-to-guantanamo/,-,By Unknown,2026-04-21T06:27:57.787691,Wired.com
Figure Skaters at the 2026 Winter Olympics Are Pushing the Limits of What’s Possible,https://www.wired.com/story/figure-skating-2026-winter-olympics-pushing-the-limits/,-,By Unknown,2026-04-21T06:27:57.899013,Wired.com
Two Titanic Structures Hidden Deep Within the Earth Have Altered the Magnetic Field for Millions of Years,https://www.wired.com/story/titanic-structures-earth-magnetic-field-millions-of-years/,-,By Unknown,2026-04-21T06:28:36.172942,Wired.com
The 2026 Winter Olympics Will Have a Major Impact on the Region’s Snow,https://www.wired.com/story/winter-olympics-2026-impacts-snow/,-,By Unknown,2026-04-21T06:28:36.325966,Wired.com
Measles Is Causing Brain Swelling in Children in South Carolina,https://www.wired.com/story/measles-is-causing-brain-swelling-in-children-in-south-carolina/,-,By Unknown,2026-04-21T06:28:36.493315,Wired.com
Why Are Some Women Training for Pregnancy Like It’s a Marathon?,https://www.wired.com/story/pregnancy-zero-trimester-influencers/,-,By Unknown,2026-04-21T06:28:36.618157,Wired.com
HHS Is Making an AI Tool to Create Hypotheses About Vaccine Injury Claims,https://www.wired.com/story/hhs-is-making-an-ai-tool-to-create-hypotheses-about-vaccine-injury-claims/,-,By Unknown,2026-04-21T06:28:36.765485,Wired.com
Rising Temperatures Are Taking a Toll on Sleep Health,https://www.wired.com/story/climate-change-heat-sleep-apnea/,-,By Unknown,2026-04-21T06:28:36.894220,Wired.com
HHS Is Using AI Tools From Palantir to Target ‘DEI’ and ‘Gender Ideology’ in Grants,https://www.wired.com/story/hhs-is-using-ai-tools-from-palantir-to-target-dei-and-gender-ideology-in-grants/,-,By Unknown,2026-04-21T06:28:37.573418,Wired.com
How to Use Physics to Escape an Ice Bowl,https://www.wired.com/story/how-to-use-physics-to-escape-an-ice-bowl/,-,By Unknown,2026-04-21T06:28:37.679069,Wired.com
Microdosing for Depression Appears to Work About as Well as Drinking Coffee,https://www.wired.com/story/microdosing-for-depression-appears-to-work-about-as-well-as-drinking-coffee/,-,By Unknown,2026-04-21T06:28:37.798601,Wired.com
This Chinese Startup Wants to Build a New Brain-Computer Interface—No Implant Required,https://www.wired.com/story/this-chinese-startup-wants-to-build-a-new-brain-computer-interface-no-implant-required-gestalta/,-,By Unknown,2026-04-21T06:28:37.895401,Wired.com
Data Centers Are Driving a US Gas Boom,https://www.wired.com/story/data-centers-are-driving-a-us-gas-boom/,-,By Unknown,2026-04-21T06:28:38.016914,Wired.com
The Doomsday Clock Is Now 85 Seconds to Midnight. Here’s What That Means,https://www.wired.com/story/the-doomsday-clock-is-now-85-seconds-to-midnight-heres-what-that-means/,-,By Unknown,2026-04-21T06:28:38.130050,Wired.com
A North Atlantic Right Whale Baby Boom Is On—but the Species Remains at Risk,https://www.wired.com/story/a-north-atlantic-right-whale-baby-boom-is-on-but-the-species-remains-at-risk/,-,By Unknown,2026-04-21T06:28:38.217112,Wired.com
No One Is Quite Sure Why Ice Is Slippery,https://www.wired.com/story/no-one-is-quite-sure-why-ice-is-slippery/,-,By Unknown,2026-04-21T06:28:38.486675,Wired.com
The US Is In For Another Bad Year of Measles Cases,https://www.wired.com/story/the-us-is-in-for-another-bad-year-of-measles-cases/,-,By Unknown,2026-04-21T06:28:38.760506,Wired.com
What We Know About the Winter Storm About to Hit the US—and What We Don’t,https://www.wired.com/story/winter-storm-about-to-hit-the-us-snow-freezing-rain/,-,By Unknown,2026-04-21T06:28:38.891438,Wired.com
The AI Boom Will Increase US Carbon Emissions—but It Doesn’t Have To,https://www.wired.com/story/the-ai-boom-will-increase-us-carbon-emissions-but-it-doesnt-have-to/,-,By Unknown,2026-04-21T06:28:38.997999,Wired.com
‘Veronika’ Is the First Cow Known to Use a Tool,https://www.wired.com/story/veronika-is-the-first-cow-known-to-use-a-tool/,-,By Unknown,2026-04-21T06:28:39.789316,Wired.com
He Went to Prison for Gene-Editing Babies. Now He’s Planning to Do It Again,https://www.wired.com/story/china-he-jiankui-gene-editing-alzheimers/,-,By Unknown,2026-04-21T06:28:39.961496,Wired.com
The Search for Alien Artifacts Is Coming Into Focus,https://www.wired.com/story/the-search-for-alien-artifacts-is-coming-into-focus/,-,By Unknown,2026-04-21T06:28:40.137523,Wired.com
Capturing the Moment a White Dwarf Exploded,https://www.wired.com/story/capturing-the-moment-a-white-dwarf-exploded/,-,By Unknown,2026-04-21T06:28:53.471181,Wired.com
How Does the Hive Mind Work in Pluribus?,https://www.wired.com/story/how-does-the-hive-mind-work-in-pluribus/,-,By Unknown,2026-04-21T06:28:53.585189,Wired.com
OpenAI Invests in Sam Altman’s New Brain-Tech Startup Merge Labs,https://www.wired.com/story/openai-invests-in-sam-altmans-new-brain-tech-startup-merge-labs/,-,By Unknown,2026-04-21T06:28:53.678911,Wired.com
Microsoft Has a Plan to Keep Its Data Centers From Raising Your Electric Bill,https://www.wired.com/story/microsoft-has-a-plan-to-keep-its-data-centers-from-raising-your-electric-bill/,-,By Unknown,2026-04-21T06:28:53.895140,Wired.com
Trump Declared a Space Race With China. The US Is Losing,https://www.wired.com/story/china-us-moon-race-trump-losing/,-,By Unknown,2026-04-21T06:28:53.984334,Wired.com
Want to Stop Doomscrolling? You Might Need a Sleep Coach,https://www.wired.com/story/your-next-job-sleep-coach/,-,By Unknown,2026-04-21T06:28:54.070551,Wired.com
Meta Is Making a Big Bet on Nuclear With Oklo,https://www.wired.com/story/meta-is-making-a-big-bet-on-nuclear-with-oklo/,-,By Unknown,2026-04-21T06:28:54.163044,Wired.com
Crispr Pioneer Launches Startup to Make Tailored Gene-Editing Treatments,https://www.wired.com/story/crispr-pioneer-launches-startup-to-make-tailored-gene-editing-treatments/,-,By Unknown,2026-04-21T06:28:54.253738,Wired.com
The Oceans Just Keep Getting Hotter,https://www.wired.com/story/the-oceans-just-keep-getting-hotter/,-,By Unknown,2026-04-21T06:28:54.689588,Wired.com
True Patriots Are Cashing In on the Apocalypse,https://www.wired.com/story/true-patriots-are-cashing-in-on-the-apocalypse/,-,By Unknown,2026-04-21T06:28:55.002074,Wired.com
Traces of Leonardo da Vinci’s DNA May Have Been Discovered on a Red Chalk Drawing Called Holy Child,https://www.wired.com/story/traces-of-leonardo-da-vincis-dna-may-have-been-discovered-on-a-red-chalk-drawing-called-holy-child/,-,By Unknown,2026-04-21T06:28:55.088507,Wired.com
New Records Reveal the Mess RFK Jr. Left When He Dumped a Dead Bear in Central Park,https://www.wired.com/story/rfk-jr-dead-bear-cub-central-park-photo/,-,By Unknown,2026-04-21T06:28:55.206149,Wired.com
The Ancient Art of Nasal Rinsing Might Protect You From a Cold,https://www.wired.com/story/cold-nose-washing-nasal-saline-rinse/,-,By Unknown,2026-04-21T06:28:55.298137,Wired.com
Flu Is Relentless. Crispr Might Be Able to Shut It Down,https://www.wired.com/story/crispr-flu-antivirals/,-,By Unknown,2026-04-21T06:28:55.391012,Wired.com
Trump Wants Venezuela’s Oil. Getting It Might Not Be So Simple,https://www.wired.com/story/trump-wants-venezuelas-oil-getting-it-might-not-be-so-simple/,-,By Unknown,2026-04-21T06:28:55.481876,Wired.com
A New Bridge Links the Strange Math of Infinity to Computer Science,https://www.wired.com/story/a-new-bridge-links-the-strange-math-of-infinity-to-computer-science/,-,By Unknown,2026-04-21T06:28:55.616792,Wired.com
Here’s How Long You Should Walk Every Day to Prevent Back Pain,https://www.wired.com/story/heres-how-long-you-should-walk-every-day-to-prevent-back-pain/,-,By Unknown,2026-04-21T06:28:55.699266,Wired.com
What Is the ‘Super Flu’ That Is Spreading in Europe and the United States?,https://www.wired.com/story/what-is-super-flu-spreading-in-united-states-europe/,-,By Unknown,2026-04-21T06:28:55.790076,Wired.com
Poor Sleep Quality Accelerates Brain Aging,https://www.wired.com/story/poor-sleep-quality-accelerates-brain-aging/,-,By Unknown,2026-04-21T06:28:55.879018,Wired.com
The Great Big Power Play,https://www.wired.com/story/expired-tired-wired-nuclear-plants/,-,By Unknown,2026-04-21T06:29:17.287224,Wired.com
The Earth Is Nearing an Environmental Tipping Point,https://www.wired.com/story/the-earth-is-nearing-an-environmental-tipping-point/,-,By Unknown,2026-04-21T06:29:17.394352,Wired.com
"People Who Drink Bottled Water on a Daily Basis Ingest 90,000 More Microplastic Particles Each Year",https://www.wired.com/story/people-who-drink-bottled-water-on-a-daily-basis-ingest-90000-more-microplastics-per-year/,-,By Unknown,2026-04-21T06:29:17.489084,Wired.com
"Behold the Manifold, the Concept that Changed How Mathematicians View Space",https://www.wired.com/story/behold-the-manifold-the-concept-that-changed-how-mathematicians-view-space/,-,By Unknown,2026-04-21T06:29:17.582649,Wired.com
The Environmental and Human Rights Costs of China’s Clean Energy Investments Abroad,https://www.wired.com/story/chinas-clean-energy-investments-abroad-are-a-boon-for-climate-but-human-rights-and-the-environment-are-a-different-story/,-,By Unknown,2026-04-21T06:29:17.692171,Wired.com
Could You Use a Rowboat to Walk on the Seafloor Like Jack Sparrow?,https://www.wired.com/story/using-a-rowboat-to-walk-on-the-seafloor-like-jack-sparrow/,-,By Unknown,2026-04-21T06:29:17.802511,Wired.com
‘Wolf DNA’ Lurks in Many Modern Dog Breeds,https://www.wired.com/story/wolf-dna-lurks-in-many-modern-dog-breeds/,-,By Unknown,2026-04-21T06:29:17.892677,Wired.com
"AlphaFold Changed Science. After 5 Years, It’s Still Evolving",https://www.wired.com/story/alphafold-changed-science-after-5-years-its-still-evolving/,-,By Unknown,2026-04-21T06:29:17.989154,Wired.com
Data Holds the Key in Slowing Age-Related Illnesses,https://www.wired.com/story/data-holds-the-key-in-slowing-age-related-illnesses/,-,By Unknown,2026-04-21T06:29:18.078122,Wired.com
FDA Approves Pill Version of Wegovy,https://www.wired.com/story/fda-approves-pill-version-of-wegovy/,-,By Unknown,2026-04-21T06:29:18.175731,Wired.com
The Doomsday Glacier Is Getting Closer and Closer to Irreversible Collapse,https://www.wired.com/story/the-doomsday-glacier-is-getting-closer-and-closer-to-irreversible-collapse/,-,By Unknown,2026-04-21T06:29:18.261804,Wired.com
Research Reveals the Optimal Way to Optimize,https://www.wired.com/story/researchers-discover-the-optimal-way-to-optimize/,-,By Unknown,2026-04-21T06:29:18.445558,Wired.com
Trump’s Agriculture Bailout Is Alienating His MAHA Base,https://www.wired.com/story/trumps-agriculture-bailout-is-alienating-his-maha-base/,-,By Unknown,2026-04-21T06:29:18.535549,Wired.com
"Sam Altman’s New Brain Venture, Merge Labs, Will Spin Out of a Nonprofit",https://www.wired.com/story/sam-altman-brain-computer-interface-merge-labs-spin-out-nonprofit-forest-neurotech/,-,By Unknown,2026-04-21T06:29:18.628515,Wired.com
Americans Are Increasingly Convinced That Aliens Have Visited Earth,https://www.wired.com/story/americans-are-increasingly-convinced-that-aliens-have-visited-earth/,-,By Unknown,2026-04-21T06:29:18.723639,Wired.com
Pumped Hydro Energy Storage Is Having a Renaissance,https://www.wired.com/story/pumped-hydro-energy-storage-is-having-a-renaissance/,-,By Unknown,2026-04-21T06:29:18.811104,Wired.com
How to Watch the Ursids Meteor Shower—the Last of the Year,https://www.wired.com/story/how-to-watch-the-ursids-meteor-shower/,-,By Unknown,2026-04-21T06:29:18.910456,Wired.com
Former Neuralink Exec Launches Organ Preservation Effort,https://www.wired.com/story/a-brain-computer-interface-company-is-getting-into-organ-preservation/,-,By Unknown,2026-04-21T06:29:19.560069,Wired.com
New Head of Trump’s Cancer Panel Speculated About Links Between Vaccines and Cancer,https://www.wired.com/story/risch-trump-panel-vaccines-turbo-cancer-ivermectin-hcq/,-,By Unknown,2026-04-21T06:29:19.673824,Wired.com
Radiation-Detection Systems Are Quietly Running in the Background All Around You,https://www.wired.com/story/radiation-detection-systems-are-quietly-running-in-the-background-all-around-you/,-,By Unknown,2026-04-21T06:29:32.717959,Wired.com
How Do Astronomers Find Planets in Other Solar Systems?,https://www.wired.com/story/how-do-astronomers-find-planets-in-other-solar-systems/,-,By Unknown,2026-04-21T06:29:32.823390,Wired.com
"For the First Time, AI Analyzes Language as Well as a Human Expert",https://www.wired.com/story/in-a-first-ai-models-analyze-language-as-well-as-a-human-expert/,-,By Unknown,2026-04-21T06:29:32.952717,Wired.com
Google Data Centers Are Returning Nuclear Power to Tornado Country,https://www.wired.com/story/google-data-centers-will-bring-nuclear-power-back-to-tornado-country/,-,By Unknown,2026-04-21T06:29:33.036483,Wired.com
People Are Already Taking This Unapproved New Weight-Loss Drug,https://www.wired.com/story/people-are-already-taking-this-unapproved-new-weight-loss-drug-triple-g-retatrutide/,-,By Unknown,2026-04-21T06:29:33.130066,Wired.com
RFK Jr.’s Health Department Is Pondering a National Men’s Health Initiative,https://www.wired.com/story/rfk-jrs-health-department-is-pondering-a-national-mens-health-initiative/,-,By Unknown,2026-04-21T06:29:33.222383,Wired.com
How the Next Big Thing in Carbon Removal Sank Without a Trace,https://www.wired.com/story/how-the-next-big-thing-in-carbon-removal-sunk-without-a-trace/,-,By Unknown,2026-04-21T06:29:33.318085,Wired.com
Many States Say They’ll Defy RFK Jr.’s Changes to Hepatitis B Vaccination,https://www.wired.com/story/many-states-say-theyll-defy-rfk-jrs-changes-to-hepatitis-b-vaccination/,-,By Unknown,2026-04-21T06:29:33.402820,Wired.com
‘It Was Nuts’: The Extreme Tests that Show Why Hail Is a Multibillion-Dollar Problem,https://www.wired.com/story/it-was-nuts-the-extreme-tests-that-show-why-hail-is-a-multi-billion-dollar-problem/,-,By Unknown,2026-04-21T06:29:33.496616,Wired.com
Scientists Thought Parkinson’s Was in Our Genes. It Might Be in the Water,https://www.wired.com/story/scientists-thought-parkinsons-was-in-our-genes-it-might-be-in-the-water/,-,By Unknown,2026-04-21T06:29:33.586299,Wired.com
"For the First Time, Mutations in a Single Gene Have Been Linked to Mental Illness",https://www.wired.com/story/mutations-in-a-single-gene-have-been-linked-to-mental-illness/,-,By Unknown,2026-04-21T06:29:33.668940,Wired.com
The Longest Solar Eclipse for 100 Years Is Coming. Don’t Miss It,https://www.wired.com/story/the-longest-solar-eclipse-for-100-years-is-coming-dont-miss-it/,-,By Unknown,2026-04-21T06:29:33.754339,Wired.com
This AI Model Can Intuit How the Physical World Works,https://www.wired.com/story/how-one-ai-model-creates-a-physical-intuition-of-its-environment/,-,By Unknown,2026-04-21T06:29:33.847231,Wired.com
Why Tehran Is Running Out of Water,https://www.wired.com/story/why-tehran-is-running-out-of-water-iran-climate-change-drought-extreme-weather/,-,By Unknown,2026-04-21T06:29:33.954109,Wired.com
Watch the Highlights From WIRED’s Big Interview Event Right Here,https://www.wired.com/story/the-big-interview-2025-recap/,-,By Unknown,2026-04-21T06:29:34.053131,Wired.com
Can AI Look at Your Retina and Diagnose Alzheimer’s? Eric Topol Hopes So,https://www.wired.com/story/big-interview-event-eric-topol-super-agers/,-,By Unknown,2026-04-21T06:29:34.156383,Wired.com
A Startup Says It Has Found a Hidden Source of Geothermal Energy,https://www.wired.com/story/startup-found-hidden-source-geothermal-energy/,-,By Unknown,2026-04-21T06:29:34.369220,Wired.com
The Louisiana Department of Wildlife and Fisheries Is Detaining People for ICE,https://www.wired.com/story/story/the-louisiana-department-of-wildlife-and-fisheries-is-detaining-people-for-ice/,-,By Unknown,2026-04-21T06:29:34.546310,Wired.com
Thursday's Cold Moon Is the Last Supermoon of the Year. Here's How and When to View It,https://www.wired.com/story/cold-moon-supermoon-december-how-to-view/,-,By Unknown,2026-04-21T06:29:35.170740,Wired.com
A Fentanyl Vaccine Is About to Get Its First Major Test,https://www.wired.com/story/a-fentanyl-vaccine-is-about-to-get-its-first-major-test/,-,By Unknown,2026-04-21T06:29:35.273449,Wired.com
The Oceans Are Going to Rise—but When?,https://www.wired.com/story/the-oceans-are-going-to-rise-but-when/,-,By Unknown,2026-04-21T06:30:00.168716,Wired.com
How to Measure the Earth’s Radius With Legos,https://www.wired.com/story/how-to-measure-the-earths-radius-with-legos/,-,By Unknown,2026-04-21T06:30:00.278464,Wired.com
The Trump Administration’s Data Center Push Could Open the Door for New Forever Chemicals,https://www.wired.com/story/the-trump-administrations-data-center-push-could-open-the-door-for-new-forever-chemicals/,-,By Unknown,2026-04-21T06:30:00.392199,Wired.com
Boeing's Next Starliner Flight Will Be Allowed to Carry Only Cargo,https://www.wired.com/story/boeings-next-starliner-flight-will-only-be-allowed-to-carry-cargo/,-,By Unknown,2026-04-21T06:30:00.476933,Wired.com
Game Theory Explains How Algorithms Can Drive Up Prices,https://www.wired.com/story/game-theory-explains-how-algorithms-can-drive-up-prices/,-,By Unknown,2026-04-21T06:30:00.573366,Wired.com
The Climate Impact of Owning a Dog,https://www.wired.com/story/the-climate-paradox-of-having-a-dog/,-,By Unknown,2026-04-21T06:30:00.667154,Wired.com
Paradromics Gets FDA Approval to Trial Its Brain Implant in People,https://www.wired.com/story/paradromics-gets-fda-approval-to-trial-its-brain-implant-in-people/,-,By Unknown,2026-04-21T06:30:00.756125,Wired.com
The Pelvic Floor Is a Problem,https://www.wired.com/story/the-pelvic-floor-is-a-problem/,-,By Unknown,2026-04-21T06:30:00.856368,Wired.com
NASA Finally Weighs In on the Origin of 3I/ATLAS,https://www.wired.com/story/nasa-confirms-that-3i-atlas-is-an-interstellar-comet/,-,By Unknown,2026-04-21T06:30:00.954006,Wired.com
Vaping Is ‘Everywhere’ in Schools—Sparking a Bathroom Surveillance Boom,https://www.wired.com/story/vaping-surveillance-school-bathrooms/,-,By Unknown,2026-04-21T06:30:01.047439,Wired.com
Valar Atomics Says It’s the First Nuclear Startup to Achieve Criticality,https://www.wired.com/story/valar-atomics-says-its-the-first-nuclear-startup-to-achieve-criticality/,-,By Unknown,2026-04-21T06:30:01.147694,Wired.com
A Collision With Space Debris Leaves 3 Chinese Astronauts Stranded in Orbit,https://www.wired.com/story/three-astronauts-are-stuck-on-chinas-space-station-without-a-safe-ride-home/,-,By Unknown,2026-04-21T06:30:01.245546,Wired.com
How Genes Have Harnessed Physics to Grow Living Things,https://www.wired.com/story/how-genes-have-harnessed-physics-to-grow-living-things/,-,By Unknown,2026-04-21T06:30:01.341676,Wired.com
An Invasive Disease-Carrying Mosquito Has Spread to the Rocky Mountains,https://www.wired.com/story/a-disease-carrying-mosquito-has-landed-in-the-rocky-mountains-where-it-historically-couldnt-survive/,-,By Unknown,2026-04-21T06:30:01.443702,Wired.com
The Data Center Resistance Has Arrived,https://www.wired.com/story/the-data-center-resistance-has-arrived/,-,By Unknown,2026-04-21T06:30:01.803320,Wired.com
Weight-Loss Drug Zepbound Is Being Tested as a Treatment for Long Covid,https://www.wired.com/story/weight-loss-drug-zepbound-is-being-tested-as-a-treatment-for-long-covid/,-,By Unknown,2026-04-21T06:30:02.215033,Wired.com
Can a Hydroelectric Dam Really Make the Days Longer?,https://www.wired.com/story/can-a-hydroelectric-dam-really-make-the-days-longer/,-,By Unknown,2026-04-21T06:30:02.325238,Wired.com
British Churches Are Putting Their Faith in Heat Pumps,https://www.wired.com/story/let-there-be-warmth-the-british-churches-putting-their-faith-in-heat-pumps/,-,By Unknown,2026-04-21T06:30:02.428891,Wired.com
The Physics of the Northern Lights,https://www.wired.com/story/the-physics-of-the-northern-lights-aurora-borealis/,-,By Unknown,2026-04-21T06:30:02.523746,Wired.com
"If the US Has to Build Data Centers, Here’s Where They Should Go",https://www.wired.com/story/heres-where-to-build-data-centers-to-keep-emissions-down/,-,By Unknown,2026-04-21T06:30:02.620101,Wired.com
The First Radio Signal From Comet 3I/Atlas Ends the Debate About Its Nature,https://www.wired.com/story/the-first-radio-signal-from-comet-3i-atlas-ends-debate-about-its-nature/,-,By Unknown,2026-04-21T06:30:21.748396,Wired.com
The Mysterious Math Behind the Brazilian Butt Lift,https://www.wired.com/story/book-excerpt-replaceable-you-mary-roach-butt-implants/,-,By Unknown,2026-04-21T06:30:21.864482,Wired.com
The Hidden Math of Ocean Waves,https://www.wired.com/story/the-hidden-math-of-ocean-waves-crashes-into-view/,-,By Unknown,2026-04-21T06:30:21.962888,Wired.com
A Gene-Editing Therapy Cut Cholesterol Levels by Half,https://www.wired.com/story/a-gene-editing-therapy-cut-cholesterol-levels-by-half/,-,By Unknown,2026-04-21T06:30:22.043645,Wired.com
Trump’s Hatred of EVs Is Making Gas Cars More Expensive,https://www.wired.com/story/trumps-anti-climate-agenda-is-making-it-more-expensive-to-own-a-car/,-,By Unknown,2026-04-21T06:30:22.131505,Wired.com
Unpicking How to Measure the Complexity of Knots,https://www.wired.com/story/unpicking-how-to-measure-the-complexity-of-knots/,-,By Unknown,2026-04-21T06:30:22.214970,Wired.com
How to Follow the Trajectory of Comet 3I/Atlas,https://www.wired.com/story/how-to-follow-the-trajectory-of-comet-3i-atlas/,-,By Unknown,2026-04-21T06:30:22.314201,Wired.com
Blood Tests for Alzheimer’s Are Here,https://www.wired.com/story/blood-tests-for-alzheimers-have-arrived-but-how-effective-are-they-and-can-they-really-change-patients-lives/,-,By Unknown,2026-04-21T06:30:22.412192,Wired.com
"A New Type of Opioid Is Killing People in the US, Europe, and Australia",https://www.wired.com/story/a-new-type-of-opioid-is-killing-people-in-the-us-europe-and-australia/,-,By Unknown,2026-04-21T06:30:22.503056,Wired.com
A New Light-Based Cancer Treatment Kills Tumor Cells and Spares Healthy Ones,https://www.wired.com/story/a-new-light-based-cancer-treatment-kills-tumor-cells-and-spares-healthy-ones/,-,By Unknown,2026-04-21T06:30:22.590485,Wired.com
Physicists Create a Thermometer for Measuring ‘Quantumness’,https://www.wired.com/story/physicists-create-a-thermometer-for-measuring-quantumness/,-,By Unknown,2026-04-21T06:30:22.676598,Wired.com
"Climate Change Made Hurricane Melissa 4 Times More Likely, Study Suggests",https://www.wired.com/story/climate-change-made-hurricane-melissa-four-times-more-likely-study-suggests/,-,By Unknown,2026-04-21T06:30:22.759429,Wired.com
The ‘10 Martini’ Proof Connects Quantum Mechanics With Infinitely Intricate Mathematical Structures,https://www.wired.com/story/the-10-martini-proof-connects-quantum-mechanics-with-infinitely-intricate-mathematical-structures/,-,By Unknown,2026-04-21T06:30:22.853024,Wired.com
How Do Metal Detectors Work?,https://www.wired.com/story/how-do-metal-detectors-work/,-,By Unknown,2026-04-21T06:30:22.946935,Wired.com
A New Startup Wants to Edit Human Embryos,https://www.wired.com/story/startup-edit-human-embryos-manhattan-genomics-cathy-tie/,-,By Unknown,2026-04-21T06:30:23.037031,Wired.com
NASA’s Quiet Supersonic Jet Takes Flight,https://www.wired.com/story/nasas-quiet-supersonic-jet-takes-flight/,-,By Unknown,2026-04-21T06:30:23.127019,Wired.com
A Fight Over Big Tech’s Emissions Has the Greenhouse Gas Protocol Caught in the Crossfire,https://www.wired.com/story/greenhouse-gas-protocol-caught-in-big-techs-friendly-fire/,-,By Unknown,2026-04-21T06:30:23.213345,Wired.com
